-- --------------------------------------------------------
-- Host:                         127.0.0.1
-- Server version:               10.0.21-MariaDB - mariadb.org binary distribution
-- Server OS:                    Win64
-- HeidiSQL Version:             9.3.0.4984
-- --------------------------------------------------------

/*!40101 SET @OLD_CHARACTER_SET_CLIENT=@@CHARACTER_SET_CLIENT */;
/*!40101 SET NAMES utf8mb4 */;
/*!40014 SET @OLD_FOREIGN_KEY_CHECKS=@@FOREIGN_KEY_CHECKS, FOREIGN_KEY_CHECKS=0 */;
/*!40101 SET @OLD_SQL_MODE=@@SQL_MODE, SQL_MODE='NO_AUTO_VALUE_ON_ZERO' */;

-- Dumping database structure for bwindihospital
CREATE DATABASE IF NOT EXISTS `bwindihospital_reduced` /*!40100 DEFAULT CHARACTER SET latin1 */;
USE `bwindihospital_reduced`;


-- Dumping structure for table bwindihospital.department
CREATE TABLE IF NOT EXISTS `department` (
  `DID` int(10) NOT NULL AUTO_INCREMENT,
  `DepartmentName` varchar(50) DEFAULT NULL,
  `Description` varchar(100) DEFAULT NULL,
  PRIMARY KEY (`DID`)
) ENGINE=InnoDB AUTO_INCREMENT=33 DEFAULT CHARSET=latin1 COMMENT='The Departments in the Hospital';

-- Dumping data for table bwindihospital.department: ~0 rows (approximately)
DELETE FROM `department`;
/*!40000 ALTER TABLE `department` DISABLE KEYS */;
INSERT INTO `department` (`DID`, `DepartmentName`, `Description`) VALUES
	(32, 'CHB', NULL);
/*!40000 ALTER TABLE `department` ENABLE KEYS */;


-- Dumping structure for table bwindihospital.error_log
CREATE TABLE IF NOT EXISTS `error_log` (
  `Controller_Name` varchar(50) DEFAULT NULL,
  `Method_Name` varchar(50) DEFAULT NULL,
  `Error` text,
  `Record_Date` datetime DEFAULT NULL
) ENGINE=InnoDB DEFAULT CHARSET=latin1 COMMENT='This will log all errors for the administrator to be able to trouble shoot.';

-- Dumping data for table bwindihospital.error_log: ~576 rows (approximately)
DELETE FROM `error_log`;
/*!40000 ALTER TABLE `error_log` DISABLE KEYS */;
INSERT INTO `error_log` (`Controller_Name`, `Method_Name`, `Error`, `Record_Date`) VALUES
	('ChbDAO', 'Get_Vht_List', ' Message: Table \'bwindihospital.vhtxx\' doesn\'t exist', '2018-09-14 14:24:05'),
	('ChbDAO', 'Get_Vht_List', ' Message: Table \'bwindihospital.vhtxx\' doesn\'t exist', '2018-09-14 14:24:05');
/*!40000 ALTER TABLE `error_log` ENABLE KEYS */;


-- Dumping structure for table bwindihospital.login_history
CREATE TABLE IF NOT EXISTS `login_history` (
  `Staff_Id` varchar(6) DEFAULT NULL,
  `Login_Date` date DEFAULT NULL,
  `Login_Time` time DEFAULT NULL
) ENGINE=InnoDB DEFAULT CHARSET=latin1;

-- Dumping data for table bwindihospital.login_history: ~866 rows (approximately)
DELETE FROM `login_history`;
/*!40000 ALTER TABLE `login_history` DISABLE KEYS */;
INSERT INTO `login_history` (`Staff_Id`, `Login_Date`, `Login_Time`) VALUES
	('21', '2018-02-01', '18:42:42'),
	('21', '2018-02-01', '18:42:50'),
	('21', '2018-02-01', '18:47:20'),
	('21', '2018-02-02', '12:28:12'),
	('21', '2018-02-02', '12:31:47'),
	('21', '2018-02-02', '13:02:03'),
	('21', '2018-02-02', '20:35:51'),
	('21', '2018-02-02', '21:04:45'),
	('21', '2018-02-02', '21:19:18'),
	('21', '2018-02-02', '22:05:25'),
	('21', '2018-02-02', '22:08:22'),
	('21', '2018-02-02', '22:10:03'),
	('21', '2018-02-03', '08:29:52'),
	('21', '2018-02-03', '09:31:27'),
	('21', '2018-02-03', '10:45:51'),
	('21', '2018-02-03', '10:59:08'),
	('21', '2018-02-03', '12:06:22'),
	('21', '2018-02-03', '12:15:10'),
	('21', '2018-02-03', '12:20:58'),
	('21', '2018-02-03', '13:04:05'),
	('21', '2018-02-03', '14:37:13'),
	('21', '2018-02-03', '16:51:28'),
	('21', '2018-02-03', '18:37:02'),
	('21', '2018-02-03', '21:28:10'),
	('21', '2018-02-03', '21:41:30'),
	('21', '2018-02-03', '21:44:29'),
	('21', '2018-02-03', '21:44:35'),
	('21', '2018-02-04', '07:38:35'),
	('21', '2018-02-04', '10:11:40'),
	('21', '2018-02-04', '10:48:37'),
	('21', '2018-02-04', '11:44:55'),
	('21', '2018-02-04', '11:48:33'),
	('21', '2018-02-04', '12:24:18'),
	('21', '2018-02-04', '12:26:01'),
	('21', '2018-02-04', '12:27:33'),
	('21', '2018-02-04', '12:28:30'),
	('21', '2018-02-04', '13:19:25'),
	('21', '2018-02-04', '13:32:06'),
	('21', '2018-02-04', '17:49:26'),
	('21', '2018-02-04', '18:26:45'),
	('21', '2018-02-04', '18:29:16'),
	('21', '2018-02-04', '19:44:20'),
	('21', '2018-02-04', '20:10:58'),
	('21', '2018-02-04', '20:13:59'),
	('21', '2018-02-04', '20:31:47'),
	('21', '2018-02-04', '20:37:47'),
	('21', '2018-02-04', '20:40:02'),
	('21', '2018-02-04', '20:45:21'),
	('21', '2018-02-04', '20:46:36'),
	('21', '2018-02-04', '21:02:33'),
	('21', '2018-02-04', '21:38:23'),
	('21', '2018-02-05', '07:33:29'),
	('21', '2018-02-05', '08:11:30'),
	('21', '2018-02-05', '10:24:11'),
	('21', '2018-02-05', '10:35:20'),
	('21', '2018-02-05', '11:10:20'),
	('21', '2018-02-05', '14:48:36'),
	('21', '2018-02-05', '15:21:15'),
	('21', '2018-02-05', '15:46:48'),
	('21', '2018-02-05', '16:11:14'),
	('21', '2018-02-05', '16:13:38'),
	('21', '2018-02-05', '16:18:14'),
	('21', '2018-02-05', '16:20:05'),
	('21', '2018-02-05', '19:44:03'),
	('21', '2018-02-05', '21:08:05'),
	('21', '2018-02-05', '21:55:03'),
	('21', '2018-02-05', '22:01:12'),
	('21', '2018-02-05', '22:20:35'),
	('21', '2018-02-06', '07:02:09'),
	('21', '2018-02-06', '07:28:33'),
	('21', '2018-02-06', '08:17:43'),
	('21', '2018-02-06', '08:49:23'),
	('21', '2018-02-06', '11:09:26'),
	('21', '2018-02-06', '12:47:44'),
	('21', '2018-02-06', '13:16:16'),
	('21', '2018-02-06', '13:31:25'),
	('21', '2018-02-06', '13:38:20'),
	('21', '2018-02-06', '14:11:23'),
	('21', '2018-02-06', '14:17:44'),
	('21', '2018-02-06', '14:22:34'),
	('21', '2018-02-06', '14:25:08'),
	('21', '2018-02-06', '14:28:30'),
	('21', '2018-02-06', '14:43:56'),
	('21', '2018-02-06', '15:36:19'),
	('21', '2018-02-06', '15:39:50'),
	('21', '2018-02-06', '15:45:56'),
	('21', '2018-02-06', '16:04:27'),
	('21', '2018-02-06', '17:11:37'),
	('21', '2018-02-06', '17:22:48'),
	('21', '2018-02-06', '17:51:19'),
	('21', '2018-02-06', '18:01:55'),
	('21', '2018-02-08', '11:45:17'),
	('21', '2018-02-08', '11:45:17'),
	('21', '2018-02-08', '11:45:17'),
	('21', '2018-02-08', '11:45:17'),
	('21', '2018-02-08', '12:05:52'),
	('21', '2018-02-12', '08:10:17'),
	('21', '2018-02-12', '08:10:17'),
	('21', '2018-02-12', '08:30:31'),
	('21', '2018-02-12', '09:28:40'),
	('21', '2018-02-12', '10:47:25'),
	('21', '2018-02-12', '10:48:07'),
	('21', '2018-02-12', '10:48:41'),
	('21', '2018-02-12', '10:48:45'),
	('21', '2018-02-12', '10:55:36'),
	('21', '2018-02-12', '11:10:06'),
	('21', '2018-02-12', '12:16:27'),
	('21', '2018-02-12', '13:55:44'),
	('21', '2018-02-12', '14:07:14'),
	('21', '2018-02-12', '15:40:36'),
	('21', '2018-02-12', '22:56:08'),
	('21', '2018-02-13', '11:30:56'),
	('21', '2018-02-13', '16:13:57'),
	('21', '2018-02-13', '16:47:22'),
	('21', '2018-02-14', '10:30:16'),
	('21', '2018-02-14', '21:25:25'),
	('21', '2018-02-16', '16:46:56'),
	('21', '2018-02-16', '16:49:32'),
	('21', '2018-02-16', '16:49:45'),
	('21', '2018-02-16', '18:11:05'),
	('21', '2018-02-16', '20:11:44'),
	('21', '2018-02-16', '21:16:45'),
	('21', '2018-02-17', '08:06:37'),
	('21', '2018-02-17', '08:40:29'),
	('21', '2018-02-17', '09:11:33'),
	('21', '2018-02-17', '09:13:18'),
	('21', '2018-02-17', '09:21:33'),
	('21', '2018-02-17', '09:23:39'),
	('21', '2018-02-17', '09:26:44'),
	('21', '2018-02-17', '09:39:34'),
	('21', '2018-02-17', '09:44:38'),
	('21', '2018-02-17', '09:47:50'),
	('21', '2018-02-17', '10:07:15'),
	('21', '2018-02-17', '12:00:27'),
	('21', '2018-02-17', '12:09:37'),
	('21', '2018-02-17', '12:18:12'),
	('21', '2018-02-17', '13:44:30'),
	('21', '2018-02-17', '14:58:16'),
	('21', '2018-02-17', '15:28:19'),
	('21', '2018-02-17', '15:30:39'),
	('21', '2018-02-17', '15:35:53'),
	('21', '2018-02-17', '15:37:57'),
	('21', '2018-02-17', '15:41:07'),
	('21', '2018-02-17', '15:42:55'),
	('21', '2018-02-17', '15:43:30'),
	('21', '2018-02-17', '15:44:28'),
	('21', '2018-02-17', '15:45:16'),
	('21', '2018-02-17', '16:30:17'),
	('21', '2018-02-17', '17:25:05'),
	('21', '2018-02-17', '17:28:41'),
	('21', '2018-02-17', '18:19:43'),
	('21', '2018-02-17', '18:21:27'),
	('21', '2018-02-17', '18:23:40'),
	('21', '2018-02-17', '18:55:48'),
	('21', '2018-02-17', '19:02:52'),
	('21', '2018-02-17', '19:30:11'),
	('21', '2018-02-17', '19:32:36'),
	('21', '2018-02-17', '19:41:31'),
	('21', '2018-02-17', '19:45:07'),
	('21', '2018-02-17', '19:46:57'),
	('21', '2018-02-17', '19:53:13'),
	('21', '2018-02-17', '20:10:45'),
	('21', '2018-02-17', '20:12:39'),
	('21', '2018-02-17', '20:14:08'),
	('21', '2018-02-17', '20:17:56'),
	('21', '2018-02-17', '20:24:58'),
	('21', '2018-02-17', '20:26:47'),
	('21', '2018-02-17', '20:30:11'),
	('21', '2018-02-17', '20:31:17'),
	('21', '2018-02-17', '20:33:20'),
	('21', '2018-02-17', '20:38:02'),
	('21', '2018-02-17', '20:45:11'),
	('21', '2018-02-17', '20:48:47'),
	('21', '2018-02-17', '20:50:36'),
	('21', '2018-02-17', '20:53:53'),
	('21', '2018-02-17', '20:57:35'),
	('21', '2018-02-17', '21:04:24'),
	('21', '2018-02-17', '21:11:04'),
	('21', '2018-02-17', '22:28:09'),
	('21', '2018-02-17', '22:48:21'),
	('21', '2018-02-18', '08:28:32'),
	('21', '2018-02-18', '09:30:36'),
	('21', '2018-02-18', '09:33:04'),
	('21', '2018-02-18', '09:37:24'),
	('21', '2018-02-18', '10:11:16'),
	('21', '2018-02-18', '19:49:50'),
	('21', '2018-02-18', '19:49:56'),
	('21', '2018-02-18', '20:04:23'),
	('21', '2018-02-18', '20:06:58'),
	('21', '2018-02-18', '20:09:03'),
	('21', '2018-02-18', '20:17:49'),
	('21', '2018-02-18', '20:20:12'),
	('21', '2018-02-18', '21:19:03'),
	('21', '2018-02-18', '21:25:31'),
	('21', '2018-02-18', '21:43:16'),
	('21', '2018-02-18', '21:45:30'),
	('21', '2018-02-18', '21:54:11'),
	('21', '2018-02-18', '21:57:37'),
	('21', '2018-02-18', '21:59:04'),
	('21', '2018-02-18', '22:01:08'),
	('21', '2018-02-18', '22:06:00'),
	('21', '2018-02-18', '22:08:39'),
	('21', '2018-02-19', '07:01:42'),
	('21', '2018-02-19', '20:52:31'),
	('21', '2018-02-19', '21:49:25'),
	('21', '2018-02-19', '22:01:44'),
	('21', '2018-02-19', '22:04:02'),
	('21', '2018-02-19', '22:11:53'),
	('21', '2018-02-19', '22:15:48'),
	('21', '2018-02-19', '22:19:15'),
	('21', '2018-02-19', '22:20:18'),
	('21', '2018-02-19', '22:20:57'),
	('21', '2018-02-19', '22:24:06'),
	('21', '2018-02-19', '22:27:21'),
	('21', '2018-02-19', '22:27:32'),
	('21', '2018-02-19', '22:30:06'),
	('21', '2018-02-19', '22:32:17'),
	('21', '2018-02-19', '22:34:53'),
	('21', '2018-02-19', '22:37:32'),
	('21', '2018-02-19', '22:40:37'),
	('21', '2018-02-19', '22:47:49'),
	('21', '2018-02-19', '22:50:25'),
	('21', '2018-02-20', '19:08:38'),
	('21', '2018-02-20', '19:11:11'),
	('21', '2018-02-20', '20:36:36'),
	('21', '2018-02-21', '20:46:33'),
	('21', '2018-02-21', '20:47:04'),
	('21', '2018-02-21', '20:50:15'),
	('21', '2018-02-22', '18:27:41'),
	('21', '2018-02-22', '18:48:24'),
	('21', '2018-02-22', '18:49:47'),
	('21', '2018-02-22', '18:59:54'),
	('21', '2018-02-22', '19:06:25'),
	('21', '2018-02-23', '12:52:05'),
	('21', '2018-02-23', '13:40:24'),
	('21', '2018-02-23', '14:32:39'),
	('21', '2018-02-23', '14:51:51'),
	('21', '2018-02-23', '15:00:11'),
	('21', '2018-02-23', '15:05:15'),
	('21', '2018-02-23', '15:14:39'),
	('21', '2018-02-23', '15:36:14'),
	('21', '2018-02-23', '15:37:37'),
	('21', '2018-02-23', '15:43:21'),
	('21', '2018-02-23', '15:49:57'),
	('21', '2018-02-23', '15:51:27'),
	('21', '2018-02-23', '16:00:35'),
	('21', '2018-02-23', '16:03:57'),
	('21', '2018-02-23', '16:06:59'),
	('21', '2018-02-23', '16:12:47'),
	('21', '2018-02-23', '16:18:21'),
	('21', '2018-02-23', '16:23:50'),
	('21', '2018-02-23', '16:25:01'),
	('21', '2018-02-23', '16:27:47'),
	('21', '2018-02-23', '16:46:08'),
	('21', '2018-02-23', '16:47:59'),
	('21', '2018-02-23', '18:52:10'),
	('21', '2018-02-23', '18:53:06'),
	('21', '2018-02-23', '21:28:13'),
	('21', '2018-02-23', '21:41:42'),
	('21', '2018-02-23', '22:21:45'),
	('21', '2018-02-23', '22:23:37'),
	('21', '2018-02-23', '22:28:31'),
	('21', '2018-02-23', '22:41:32'),
	('21', '2018-02-23', '22:42:25'),
	('21', '2018-02-23', '22:43:37'),
	('21', '2018-02-23', '22:44:48'),
	('21', '2018-02-23', '22:48:50'),
	('21', '2018-02-23', '22:51:42'),
	('21', '2018-02-23', '22:54:16'),
	('21', '2018-02-23', '22:59:50'),
	('21', '2018-02-24', '04:38:12'),
	('21', '2018-02-24', '09:45:46'),
	('21', '2018-02-24', '14:57:54'),
	('21', '2018-02-24', '16:38:52'),
	('21', '2018-02-24', '16:39:35'),
	('21', '2018-02-24', '16:39:39'),
	('21', '2018-02-24', '16:47:39'),
	('21', '2018-02-24', '16:47:44'),
	('21', '2018-02-24', '16:51:08'),
	('21', '2018-02-24', '17:05:14'),
	('21', '2018-02-24', '17:22:00'),
	('21', '2018-02-24', '17:30:51'),
	('21', '2018-02-24', '19:18:01'),
	('21', '2018-02-24', '19:18:08'),
	('21', '2018-02-24', '19:18:14'),
	('21', '2018-02-24', '19:25:38'),
	('21', '2018-02-24', '20:53:34'),
	('21', '2018-02-25', '06:47:07'),
	('21', '2018-02-25', '11:33:00'),
	('21', '2018-02-25', '11:33:30'),
	('21', '2018-02-25', '11:59:35'),
	('21', '2018-02-25', '11:59:57'),
	('21', '2018-02-25', '13:34:00'),
	('21', '2018-02-25', '13:34:13'),
	('21', '2018-02-25', '13:34:31'),
	('21', '2018-02-25', '13:34:47'),
	('21', '2018-02-25', '13:39:39'),
	('21', '2018-02-25', '14:47:02'),
	('21', '2018-02-25', '14:54:42'),
	('21', '2018-02-25', '15:07:22'),
	('21', '2018-02-25', '15:10:20'),
	('21', '2018-02-25', '16:54:39'),
	('21', '2018-02-25', '17:15:20'),
	('21', '2018-02-25', '18:11:56'),
	('21', '2018-02-25', '20:19:12'),
	('21', '2018-02-25', '20:32:38'),
	('21', '2018-02-25', '21:53:40'),
	('21', '2018-02-25', '21:55:48'),
	('21', '2018-02-26', '09:58:37'),
	('21', '2018-02-26', '15:59:53'),
	('21', '2018-02-27', '07:25:27'),
	('21', '2018-02-27', '11:34:02'),
	('21', '2018-02-27', '18:03:09'),
	('21', '2018-02-27', '21:40:53'),
	('21', '2018-02-27', '21:44:54'),
	('21', '2018-02-27', '21:55:30'),
	('21', '2018-02-28', '07:44:44'),
	('21', '2018-02-28', '09:52:13'),
	('21', '2018-02-28', '09:52:26'),
	('21', '2018-02-28', '09:52:36'),
	('21', '2018-02-28', '09:57:25'),
	('21', '2018-02-28', '10:28:17'),
	('21', '2018-02-28', '10:30:53'),
	('21', '2018-02-28', '10:49:48'),
	('21', '2018-02-28', '10:55:51'),
	('21', '2018-02-28', '10:58:01'),
	('21', '2018-02-28', '11:02:40'),
	('21', '2018-02-28', '11:03:56'),
	('21', '2018-02-28', '11:10:42'),
	('21', '2018-02-28', '11:32:13'),
	('21', '2018-02-28', '11:36:47'),
	('21', '2018-02-28', '11:48:05'),
	('21', '2018-02-28', '12:02:07'),
	('21', '2018-02-28', '12:13:05'),
	('21', '2018-02-28', '15:36:02'),
	('21', '2018-02-28', '15:36:17'),
	('21', '2018-02-28', '18:35:30'),
	('21', '2018-02-28', '19:30:04'),
	('21', '2018-02-28', '19:31:47'),
	('21', '2018-02-28', '19:33:42'),
	('21', '2018-02-28', '21:29:20'),
	('21', '2018-02-28', '21:34:49'),
	('21', '2018-02-28', '21:41:48'),
	('21', '2018-02-28', '21:43:38'),
	('21', '2018-02-28', '22:00:29'),
	('21', '2018-02-28', '22:08:11'),
	('21', '2018-02-28', '22:16:24'),
	('21', '2018-02-28', '22:22:54'),
	('21', '2018-02-28', '22:28:17'),
	('21', '2018-03-01', '07:08:24'),
	('21', '2018-03-01', '08:15:48'),
	('21', '2018-03-01', '08:35:22'),
	('21', '2018-03-01', '08:47:19'),
	('21', '2018-03-01', '08:52:17'),
	('21', '2018-03-01', '09:05:20'),
	('21', '2018-03-01', '09:14:59'),
	('21', '2018-03-01', '09:18:10'),
	('21', '2018-03-01', '09:28:04'),
	('21', '2018-03-01', '09:31:47'),
	('21', '2018-03-01', '09:35:20'),
	('21', '2018-03-01', '09:39:05'),
	('21', '2018-03-01', '09:41:57'),
	('21', '2018-03-01', '10:02:48'),
	('21', '2018-03-01', '10:06:49'),
	('21', '2018-03-01', '10:08:43'),
	('21', '2018-03-01', '10:11:51'),
	('21', '2018-03-01', '10:13:44'),
	('21', '2018-03-01', '10:34:46'),
	('21', '2018-03-11', '17:43:09'),
	('21', '2018-03-11', '18:30:24'),
	('21', '2018-03-11', '18:56:21'),
	('21', '2018-03-11', '18:56:39'),
	('21', '2018-03-11', '18:57:18'),
	('21', '2018-03-11', '20:31:42'),
	('21', '2018-03-12', '08:37:57'),
	('21', '2018-03-12', '08:45:32'),
	('21', '2018-03-12', '08:46:09'),
	('21', '2018-03-12', '08:46:46'),
	('21', '2018-03-12', '08:55:17'),
	('21', '2018-03-12', '08:58:33'),
	('21', '2018-03-12', '09:09:48'),
	('21', '2018-03-12', '09:14:58'),
	('21', '2018-03-12', '09:25:12'),
	('21', '2018-03-12', '11:00:31'),
	('21', '2018-03-12', '11:04:28'),
	('21', '2018-03-12', '11:14:37'),
	('21', '2018-03-12', '11:32:58'),
	('21', '2018-03-12', '11:38:01'),
	('21', '2018-03-12', '11:52:50'),
	('21', '2018-03-12', '13:47:32'),
	('21', '2018-03-13', '08:45:07'),
	('21', '2018-03-15', '10:22:02'),
	('21', '2018-03-15', '11:21:25'),
	('21', '2018-03-17', '14:16:08'),
	('21', '2018-03-17', '14:53:36'),
	('21', '2018-03-17', '15:00:48'),
	('21', '2018-03-17', '15:27:13'),
	('21', '2018-03-17', '16:43:11'),
	('21', '2018-03-17', '17:50:26'),
	('21', '2018-03-17', '18:10:27'),
	('21', '2018-03-17', '18:21:35'),
	('21', '2018-03-17', '19:11:50'),
	('21', '2018-03-17', '20:15:30'),
	('21', '2018-03-17', '20:17:28'),
	('21', '2018-03-17', '20:20:33'),
	('21', '2018-03-17', '20:25:54'),
	('21', '2018-03-17', '20:43:03'),
	('21', '2018-03-17', '20:56:16'),
	('21', '2018-03-17', '21:52:35'),
	('21', '2018-03-17', '22:15:38'),
	('21', '2018-03-17', '22:39:23'),
	('21', '2018-03-17', '23:05:05'),
	('21', '2018-03-17', '23:07:29'),
	('21', '2018-03-18', '11:47:01'),
	('21', '2018-03-18', '11:47:01'),
	('21', '2018-03-18', '11:53:42'),
	('21', '2018-03-18', '15:24:05'),
	('21', '2018-03-18', '15:28:40'),
	('21', '2018-03-18', '15:55:45'),
	('21', '2018-03-18', '15:57:38'),
	('21', '2018-03-18', '15:59:42'),
	('21', '2018-03-18', '16:02:13'),
	('21', '2018-03-18', '16:03:56'),
	('21', '2018-03-18', '16:05:51'),
	('21', '2018-03-18', '16:10:07'),
	('21', '2018-03-18', '23:38:07'),
	('21', '2018-03-19', '02:00:24'),
	('21', '2018-03-19', '15:35:01'),
	('21', '2018-03-19', '15:35:39'),
	('21', '2018-03-19', '17:07:17'),
	('21', '2018-03-19', '17:13:11'),
	('21', '2018-03-19', '17:28:53'),
	('21', '2018-03-19', '17:36:09'),
	('21', '2018-03-19', '18:12:51'),
	('21', '2018-03-19', '18:16:39'),
	('21', '2018-03-19', '19:07:02'),
	('21', '2018-03-19', '19:12:13'),
	('21', '2018-03-19', '19:23:27'),
	('21', '2018-03-19', '19:24:15'),
	('21', '2018-03-19', '19:24:23'),
	('21', '2018-03-19', '19:27:04'),
	('21', '2018-03-19', '19:58:30'),
	('21', '2018-03-19', '20:00:19'),
	('21', '2018-03-19', '20:03:02'),
	('21', '2018-03-19', '20:12:24'),
	('21', '2018-03-19', '20:18:48'),
	('21', '2018-03-19', '20:30:08'),
	('21', '2018-03-19', '20:33:26'),
	('21', '2018-03-19', '20:40:09'),
	('21', '2018-03-19', '20:43:01'),
	('21', '2018-03-19', '22:38:17'),
	('21', '2018-03-19', '22:47:50'),
	('21', '2018-03-19', '22:52:36'),
	('21', '2018-03-19', '22:58:38'),
	('21', '2018-03-19', '23:19:06'),
	('21', '2018-03-19', '23:24:16'),
	('21', '2018-03-19', '23:49:09'),
	('21', '2018-03-19', '23:51:11'),
	('21', '2018-03-19', '23:58:01'),
	('21', '2018-03-20', '00:06:44'),
	('21', '2018-03-20', '00:16:50'),
	('21', '2018-03-20', '00:29:04'),
	('21', '2018-03-20', '00:37:00'),
	('21', '2018-03-20', '00:41:29'),
	('21', '2018-03-20', '01:00:08'),
	('21', '2018-03-20', '01:02:55'),
	('21', '2018-03-20', '01:32:51'),
	('21', '2018-03-20', '01:40:50'),
	('21', '2018-03-20', '01:50:12'),
	('21', '2018-03-20', '02:04:45'),
	('21', '2018-03-20', '02:14:24'),
	('21', '2018-03-20', '02:24:35'),
	('21', '2018-03-20', '02:28:37'),
	('21', '2018-03-20', '02:29:24'),
	('21', '2018-03-20', '02:32:47'),
	('21', '2018-03-20', '02:36:41'),
	('21', '2018-03-20', '11:42:41'),
	('21', '2018-03-20', '11:50:30'),
	('21', '2018-03-20', '11:53:55'),
	('21', '2018-03-20', '17:31:47'),
	('21', '2018-03-20', '17:32:03'),
	('21', '2018-03-20', '17:32:10'),
	('21', '2018-03-20', '17:33:45'),
	('21', '2018-03-20', '18:01:30'),
	('21', '2018-03-20', '18:07:03'),
	('21', '2018-03-20', '18:11:46'),
	('21', '2018-03-20', '18:16:08'),
	('21', '2018-03-20', '18:47:50'),
	('21', '2018-03-20', '18:50:10'),
	('21', '2018-03-20', '18:57:01'),
	('21', '2018-03-20', '19:15:51'),
	('21', '2018-03-20', '20:06:40'),
	('21', '2018-03-20', '21:31:42'),
	('21', '2018-03-20', '21:37:30'),
	('21', '2018-03-21', '01:06:44'),
	('21', '2018-03-21', '01:26:56'),
	('21', '2018-03-21', '01:36:46'),
	('21', '2018-03-21', '01:50:52'),
	('21', '2018-03-21', '02:01:31'),
	('21', '2018-03-21', '10:36:26'),
	('21', '2018-03-21', '11:18:12'),
	('21', '2018-03-21', '11:47:21'),
	('21', '2018-03-21', '12:08:30'),
	('21', '2018-03-21', '12:16:00'),
	('21', '2018-03-21', '12:44:20'),
	('21', '2018-03-21', '12:47:08'),
	('21', '2018-03-21', '13:30:51'),
	('21', '2018-03-21', '14:05:39'),
	('21', '2018-03-21', '14:26:36'),
	('21', '2018-03-21', '14:29:38'),
	('21', '2018-03-21', '14:32:09'),
	('21', '2018-03-21', '14:35:24'),
	('21', '2018-03-21', '14:38:53'),
	('21', '2018-03-21', '14:40:50'),
	('21', '2018-03-21', '14:42:04'),
	('21', '2018-03-21', '14:44:07'),
	('21', '2018-03-21', '14:49:35'),
	('21', '2018-03-21', '14:53:13'),
	('21', '2018-03-21', '15:00:32'),
	('21', '2018-03-21', '15:04:16'),
	('21', '2018-03-21', '15:48:57'),
	('21', '2018-03-21', '16:06:54'),
	('21', '2018-03-21', '18:32:57'),
	('21', '2018-03-21', '18:55:01'),
	('21', '2018-03-21', '19:04:28'),
	('21', '2018-03-21', '19:11:27'),
	('21', '2018-03-21', '19:16:04'),
	('21', '2018-03-21', '19:22:53'),
	('21', '2018-03-21', '19:30:07'),
	('21', '2018-03-21', '23:23:45'),
	('21', '2018-03-21', '23:25:45'),
	('21', '2018-03-21', '23:33:58'),
	('21', '2018-03-21', '23:48:22'),
	('21', '2018-03-22', '00:22:27'),
	('21', '2018-03-22', '01:09:36'),
	('21', '2018-03-22', '01:13:02'),
	('21', '2018-03-22', '01:16:46'),
	('21', '2018-03-22', '01:25:25'),
	('21', '2018-03-22', '02:22:37'),
	('21', '2018-03-22', '10:50:08'),
	('21', '2018-03-22', '15:03:06'),
	('21', '2018-03-23', '02:44:16'),
	('21', '2018-03-26', '14:46:32'),
	('21', '2018-03-26', '14:57:19'),
	('21', '2018-03-26', '19:53:21'),
	('21', '2018-03-28', '01:29:58'),
	('21', '2018-03-28', '01:42:56'),
	('21', '2018-03-29', '18:06:52'),
	('21', '2018-03-29', '18:17:07'),
	('21', '2018-03-29', '19:01:00'),
	('21', '2018-03-29', '19:11:20'),
	('21', '2018-03-29', '20:02:11'),
	('21', '2018-03-29', '20:15:17'),
	('21', '2018-03-29', '21:11:38'),
	('21', '2018-03-29', '21:51:09'),
	('21', '2018-03-29', '21:57:59'),
	('21', '2018-03-29', '22:07:47'),
	('21', '2018-04-06', '21:35:37'),
	('21', '2018-04-08', '07:33:10'),
	('21', '2018-04-08', '07:41:49'),
	('21', '2018-04-11', '14:49:37'),
	('21', '2018-04-11', '15:37:06'),
	('21', '2018-04-12', '21:36:46'),
	('21', '2018-04-13', '11:50:56'),
	('21', '2018-04-13', '13:40:26'),
	('21', '2018-04-13', '16:38:58'),
	('21', '2018-04-13', '18:48:19'),
	('21', '2018-04-13', '20:45:13'),
	('21', '2018-04-15', '15:01:42'),
	('21', '2018-04-15', '16:51:47'),
	('21', '2018-04-15', '17:31:23'),
	('21', '2018-04-15', '17:31:41'),
	('21', '2018-04-16', '12:22:43'),
	('21', '2018-05-03', '09:57:16'),
	('21', '2018-05-03', '10:40:01'),
	('21', '2018-05-03', '17:18:53'),
	('21', '2018-05-03', '18:24:28'),
	('21', '2018-05-03', '18:38:25'),
	('21', '2018-05-04', '09:22:34'),
	('21', '2018-05-04', '09:37:26'),
	('21', '2018-05-04', '09:38:07'),
	('21', '2018-05-04', '10:44:25'),
	('21', '2018-05-04', '12:33:39'),
	('21', '2018-05-05', '14:19:53'),
	('21', '2018-05-05', '16:13:51'),
	('21', '2018-05-05', '16:58:02'),
	('21', '2018-05-07', '12:29:42'),
	('21', '2018-05-07', '19:45:29'),
	('21', '2018-05-08', '13:30:47'),
	('21', '2018-05-08', '15:12:59'),
	('21', '2018-05-08', '17:43:37'),
	('21', '2018-05-08', '18:42:06'),
	('21', '2018-05-08', '18:59:10'),
	('21', '2018-05-11', '12:13:10'),
	('21', '2018-05-11', '13:55:40'),
	('21', '2018-05-12', '07:35:27'),
	('21', '2018-05-12', '09:00:16'),
	('21', '2018-05-12', '09:21:27'),
	('21', '2018-05-12', '09:45:18'),
	('21', '2018-05-12', '09:53:35'),
	('21', '2018-05-12', '09:54:30'),
	('21', '2018-05-12', '09:55:40'),
	('21', '2018-05-12', '09:59:47'),
	('21', '2018-05-12', '10:04:21'),
	('21', '2018-05-12', '16:39:17'),
	('21', '2018-05-12', '16:42:57'),
	('21', '2018-05-12', '17:04:42'),
	('21', '2018-05-12', '17:07:07'),
	('21', '2018-05-14', '20:07:40'),
	('21', '2018-05-14', '20:11:21'),
	('21', '2018-05-15', '09:34:22'),
	('21', '2018-05-15', '15:21:09'),
	('21', '2018-05-15', '20:19:53'),
	('21', '2018-05-15', '20:20:53'),
	('21', '2018-05-16', '12:26:48'),
	('21', '2018-05-16', '12:43:44'),
	('21', '2018-05-16', '12:44:13'),
	('21', '2018-05-16', '13:05:15'),
	('21', '2018-05-16', '13:06:01'),
	('21', '2018-05-16', '13:31:09'),
	('21', '2018-05-16', '14:48:31'),
	('21', '2018-05-16', '14:54:22'),
	('21', '2018-05-16', '14:55:16'),
	('21', '2018-05-16', '15:05:13'),
	('21', '2018-05-16', '15:07:19'),
	('21', '2018-05-16', '15:35:41'),
	('21', '2018-05-16', '15:43:17'),
	('21', '2018-05-16', '15:44:24'),
	('21', '2018-05-16', '16:11:34'),
	('21', '2018-05-16', '16:33:21'),
	('21', '2018-05-16', '16:34:40'),
	('21', '2018-05-16', '16:35:35'),
	('21', '2018-05-16', '16:36:40'),
	('21', '2018-05-16', '20:23:05'),
	('21', '2018-05-17', '22:38:36'),
	('21', '2018-05-18', '12:39:38'),
	('21', '2018-05-18', '12:41:19'),
	('21', '2018-05-18', '13:14:25'),
	('21', '2018-05-18', '14:35:28'),
	('21', '2018-05-18', '16:46:08'),
	('21', '2018-05-20', '11:40:21'),
	('21', '2018-05-20', '11:52:29'),
	('21', '2018-05-20', '12:59:08'),
	('21', '2018-05-20', '14:01:22'),
	('21', '2018-05-20', '14:05:28'),
	('21', '2018-05-20', '15:21:21'),
	('21', '2018-05-20', '16:13:00'),
	('21', '2018-05-21', '12:18:26'),
	('21', '2018-05-21', '13:25:07'),
	('21', '2018-05-21', '14:07:50'),
	('21', '2018-05-21', '17:18:31'),
	('21', '2018-05-21', '17:18:53'),
	('21', '2018-05-21', '18:49:04'),
	('21', '2018-05-21', '21:55:06'),
	('21', '2018-05-21', '23:06:20'),
	('21', '2018-05-22', '09:02:26'),
	('21', '2018-05-22', '09:13:15'),
	('21', '2018-05-22', '10:06:22'),
	('21', '2018-05-22', '11:13:48'),
	('21', '2018-05-22', '13:44:40'),
	('21', '2018-05-22', '14:13:31'),
	('21', '2018-05-22', '14:14:27'),
	('21', '2018-05-22', '16:28:04'),
	('21', '2018-05-22', '17:53:56'),
	('21', '2018-05-22', '17:57:56'),
	('21', '2018-05-22', '18:00:44'),
	('21', '2018-05-22', '18:11:02'),
	('21', '2018-05-22', '19:59:07'),
	('21', '2018-05-22', '21:25:10'),
	('21', '2018-05-22', '22:18:38'),
	('21', '2018-05-23', '22:13:02'),
	('21', '2018-05-26', '11:10:22'),
	('21', '2018-05-26', '11:51:39'),
	('21', '2018-05-26', '12:53:21'),
	('21', '2018-05-26', '13:31:44'),
	('21', '2018-05-26', '14:54:47'),
	('21', '2018-05-26', '15:03:41'),
	('21', '2018-05-26', '17:47:36'),
	('21', '2018-05-26', '17:56:14'),
	('21', '2018-05-26', '19:28:11'),
	('21', '2018-05-26', '19:40:03'),
	('21', '2018-05-26', '21:30:54'),
	('21', '2018-05-26', '23:19:10'),
	('21', '2018-05-27', '09:32:49'),
	('21', '2018-05-27', '12:07:40'),
	('21', '2018-05-27', '14:59:02'),
	('21', '2018-05-27', '15:42:47'),
	('21', '2018-05-27', '16:18:48'),
	('21', '2018-05-27', '16:19:33'),
	('21', '2018-05-27', '18:47:49'),
	('21', '2018-05-27', '21:33:38'),
	('21', '2018-05-28', '12:25:06'),
	('21', '2018-05-28', '16:25:34'),
	('21', '2018-05-29', '13:08:23'),
	('21', '2018-05-29', '13:39:50'),
	('21', '2018-05-29', '14:06:03'),
	('21', '2018-05-29', '14:08:54'),
	('21', '2018-05-29', '14:23:44'),
	('21', '2018-05-29', '15:18:19'),
	('21', '2018-05-29', '15:23:30'),
	('21', '2018-05-29', '15:48:35'),
	('21', '2018-05-29', '15:50:44'),
	('21', '2018-05-29', '16:20:14'),
	('21', '2018-05-29', '17:28:09'),
	('21', '2018-05-29', '17:43:29'),
	('21', '2018-05-29', '17:52:38'),
	('21', '2018-05-29', '18:36:23'),
	('21', '2018-05-29', '18:42:38'),
	('21', '2018-05-29', '18:43:47'),
	('21', '2018-05-29', '18:47:00'),
	('21', '2018-05-29', '18:49:08'),
	('21', '2018-05-29', '18:50:45'),
	('21', '2018-05-29', '19:45:51'),
	('21', '2018-05-29', '19:47:30'),
	('21', '2018-05-29', '20:01:36'),
	('21', '2018-05-29', '21:06:34'),
	('21', '2018-05-30', '05:21:48'),
	('21', '2018-05-30', '08:44:50'),
	('21', '2018-05-30', '09:26:31'),
	('21', '2018-05-30', '10:01:06'),
	('21', '2018-05-30', '10:43:33'),
	('21', '2018-05-30', '10:48:43'),
	('21', '2018-05-30', '12:18:10'),
	('21', '2018-05-31', '13:54:02'),
	('21', '2018-05-31', '14:38:54'),
	('21', '2018-05-31', '15:01:54'),
	('21', '2018-05-31', '15:03:50'),
	('21', '2018-05-31', '15:22:44'),
	('21', '2018-06-01', '17:43:58'),
	('21', '2018-06-01', '18:39:05'),
	('21', '2018-06-01', '19:28:50'),
	('21', '2018-06-01', '20:21:47'),
	('21', '2018-06-01', '20:44:27'),
	('21', '2018-06-02', '18:34:13'),
	('21', '2018-06-02', '20:16:24'),
	('21', '2018-06-03', '09:37:55'),
	('21', '2018-06-03', '10:20:19'),
	('21', '2018-06-03', '10:35:39'),
	('21', '2018-06-03', '11:05:09'),
	('21', '2018-06-03', '11:06:17'),
	('21', '2018-06-03', '11:28:36'),
	('21', '2018-06-03', '13:55:30'),
	('21', '2018-06-03', '14:43:53'),
	('21', '2018-06-03', '20:37:29'),
	('21', '2018-06-03', '22:25:02'),
	('21', '2018-06-03', '22:57:54'),
	('21', '2018-06-04', '11:16:40'),
	('21', '2018-06-04', '14:39:56'),
	('21', '2018-06-04', '15:25:12'),
	('21', '2018-06-04', '18:09:15'),
	('21', '2018-06-04', '19:19:41'),
	('21', '2018-06-04', '20:41:20'),
	('21', '2018-06-04', '20:45:19'),
	('21', '2018-06-04', '21:34:13'),
	('21', '2018-06-04', '21:39:03'),
	('21', '2018-06-04', '21:57:03'),
	('21', '2018-06-04', '22:06:57'),
	('21', '2018-06-05', '07:53:20'),
	('21', '2018-06-05', '10:15:23'),
	('21', '2018-06-05', '10:45:37'),
	('21', '2018-06-05', '11:15:52'),
	('21', '2018-06-05', '13:13:29'),
	('21', '2018-06-05', '13:47:20'),
	('21', '2018-06-05', '13:50:08'),
	('21', '2018-06-05', '15:18:15'),
	('21', '2018-06-05', '16:05:39'),
	('21', '2018-06-06', '12:35:54'),
	('21', '2018-06-06', '14:57:10'),
	('21', '2018-06-06', '14:59:47'),
	('21', '2018-06-06', '16:26:24'),
	('21', '2018-06-06', '17:47:41'),
	('21', '2018-06-06', '18:12:58'),
	('21', '2018-06-06', '18:25:44'),
	('21', '2018-06-06', '19:10:46'),
	('21', '2018-06-07', '09:56:26'),
	('21', '2018-06-07', '12:14:24'),
	('21', '2018-06-07', '16:14:19'),
	('21', '2018-06-07', '19:21:58'),
	('21', '2018-06-07', '21:07:10'),
	('21', '2018-06-08', '07:25:33'),
	('21', '2018-06-08', '08:07:05'),
	('21', '2018-06-08', '08:39:19'),
	('21', '2018-06-08', '10:53:33'),
	('21', '2018-06-08', '17:08:02'),
	('21', '2018-06-08', '17:13:51'),
	('21', '2018-06-08', '17:23:15'),
	('21', '2018-06-08', '17:30:39'),
	('21', '2018-06-08', '17:35:33'),
	('21', '2018-06-08', '18:00:56'),
	('21', '2018-06-08', '18:14:23'),
	('21', '2018-06-08', '18:24:52'),
	('21', '2018-06-08', '18:33:47'),
	('21', '2018-06-08', '18:42:58'),
	('21', '2018-06-08', '20:57:18'),
	('21', '2018-06-08', '21:09:28'),
	('21', '2018-06-08', '21:50:38'),
	('21', '2018-06-08', '22:13:59'),
	('21', '2018-06-08', '22:20:18'),
	('21', '2018-06-09', '09:41:40'),
	('21', '2018-06-09', '09:54:20'),
	('21', '2018-06-09', '09:54:53'),
	('21', '2018-06-09', '10:32:41'),
	('21', '2018-06-09', '11:58:58'),
	('21', '2018-06-09', '12:00:37'),
	('21', '2018-06-09', '12:01:43'),
	('21', '2018-06-09', '12:02:50'),
	('21', '2018-06-09', '12:04:14'),
	('21', '2018-06-09', '12:07:15'),
	('21', '2018-06-09', '12:14:46'),
	('21', '2018-06-11', '08:51:34'),
	('21', '2018-06-11', '11:17:04'),
	('21', '2018-06-11', '15:27:37'),
	('21', '2018-06-11', '17:07:02'),
	('21', '2018-06-11', '17:46:21'),
	('21', '2018-06-11', '19:35:42'),
	('21', '2018-06-11', '21:02:26'),
	('21', '2018-06-11', '22:15:44'),
	('21', '2018-06-12', '14:17:23'),
	('21', '2018-06-12', '14:18:52'),
	('21', '2018-06-12', '14:20:27'),
	('21', '2018-06-12', '14:20:31'),
	('21', '2018-06-12', '14:40:43'),
	('21', '2018-06-12', '14:43:55'),
	('21', '2018-06-12', '14:44:03'),
	('21', '2018-06-12', '14:44:07'),
	('21', '2018-06-13', '13:02:09'),
	('21', '2018-06-13', '13:10:18'),
	('21', '2018-06-14', '11:32:38'),
	('21', '2018-06-14', '11:34:30'),
	('21', '2018-06-14', '11:34:42'),
	('21', '2018-06-14', '12:38:05'),
	('21', '2018-06-14', '12:48:54'),
	('21', '2018-06-14', '17:47:17'),
	('21', '2018-06-14', '17:50:14'),
	('21', '2018-06-14', '17:52:25'),
	('21', '2018-06-14', '18:07:00'),
	('21', '2018-06-17', '21:03:40'),
	('21', '2018-06-17', '21:04:34'),
	('21', '2018-06-17', '21:07:36'),
	('21', '2018-07-16', '13:05:17'),
	('21', '2018-07-16', '13:07:09'),
	('21', '2018-07-16', '13:07:47'),
	('21', '2018-07-24', '15:40:00'),
	('21', '2018-07-26', '14:45:57'),
	('21', '2018-07-26', '17:23:23'),
	('21', '2018-07-26', '17:24:04'),
	('21', '2018-07-26', '17:24:34'),
	('21', '2018-07-26', '21:33:48'),
	('21', '2018-07-31', '15:45:14'),
	('21', '2018-07-31', '15:45:14'),
	('21', '2018-07-31', '15:45:14'),
	('21', '2018-07-31', '15:49:19'),
	('21', '2018-07-31', '15:49:27'),
	('21', '2018-07-31', '16:02:17'),
	('21', '2018-09-14', '14:29:31'),
	('21', '2018-09-14', '14:30:34'),
	('21', '2018-09-14', '14:32:17'),
	('21', '2018-09-14', '14:33:16'),
	('21', '2018-09-14', '14:36:46'),
	('21', '2018-09-14', '14:37:57'),
	('21', '2018-09-14', '14:38:24'),
	('21', '2018-09-14', '14:43:33'),
	('21', '2018-09-14', '14:46:55'),
	('21', '2018-09-14', '14:53:46'),
	('21', '2018-09-14', '14:54:23'),
	('21', '2018-09-14', '14:54:45');
/*!40000 ALTER TABLE `login_history` ENABLE KEYS */;


-- Dumping structure for table bwindihospital.parishes
CREATE TABLE IF NOT EXISTS `parishes` (
  `ParishId` varchar(20) CHARACTER SET utf8 NOT NULL,
  `SubcountyId` varchar(20) CHARACTER SET utf8 DEFAULT NULL,
  `ParishName` varchar(60) CHARACTER SET utf8 DEFAULT NULL,
  PRIMARY KEY (`ParishId`),
  KEY `SubcountyId` (`SubcountyId`)
) ENGINE=InnoDB DEFAULT CHARSET=latin1;

-- Dumping data for table bwindihospital.parishes: ~58 rows (approximately)
DELETE FROM `parishes`;
/*!40000 ALTER TABLE `parishes` DISABLE KEYS */;
INSERT INTO `parishes` (`ParishId`, `SubcountyId`, `ParishName`) VALUES
	('PARI001', 'SUBC002', 'Buremba'),
	('PARI002', 'SUBC002', 'Mpungu'),
	('PARI003', 'SUBC002', 'Ngaara'),
	('PARI004', 'SUBC002', 'Muramba'),
	('PARI005', 'SUBC001', 'Mukono'),
	('PARI006', 'SUBC001', 'Ntungamo'),
	('PARI007', 'SUBC001', 'Bujengwe'),
	('PARI008', 'SUBC001', 'Karangara'),
	('PARI009', 'SUBC001', 'Kyeshero'),
	('PARI010', 'SUBC004', 'Kishenyi'),
	('PARI011', 'SUBC005', 'Kinaba'),
	('PARI012', 'SUBC006', 'Nyanga'),
	('PARI013', 'SUBC007', 'Bushuura'),
	('PARI014', 'SUBC008', 'Nyakatooma'),
	('PARI015', 'SUBC008', 'Nyarurambi'),
	('PARI016', 'SUBC004', 'Kihembe'),
	('PARI017', 'SUBC004', 'Nyamigoye'),
	('PARI021', 'SUBC010', 'Kikombe'),
	('PARI022', 'SUBC010', 'Kikomo'),
	('PARI024', 'SUBC011', 'Kanyabwanga'),
	('PARI025', 'SUBC011', 'Kitojo'),
	('PARI028', 'SUBC015', 'Bunura'),
	('PARI029', 'SUBC004', 'kyajura'),
	('PARI030', 'SUBC006', 'nyakatunguru'),
	('PARI031', 'SUBC016', 'Rutugunda'),
	('PARI033', 'SUBC006', 'Rwanga'),
	('PARI034', 'SUBC017', 'Kifunjo'),
	('PARI035', 'SUBC015', 'Kiringa'),
	('PARI037', 'SUBC018', 'Ruhiija'),
	('PARI038', 'SUBC013', 'Kiyebe'),
	('PARI039', 'SUBC014', 'Rushoroza'),
	('PARI043', 'SUBC007', 'Rutungunda'),
	('PARI044', 'SUBC006', 'Nyakiyaga'),
	('PARI046', 'SUBC022', 'Nteko'),
	('PARI047', 'SUBC004', 'Burema'),
	('PARI048', 'SUBC017', 'kijubwe'),
	('PARI050', 'SUBC008', 'Nyakashure'),
	('PARI051', 'SUBC023', 'Kiyanga'),
	('PARI054', 'SUBC017', 'Western ward'),
	('PARI056', 'SUBC008', 'Rushaka'),
	('PARI058', 'SUBC015', 'Bugongyi'),
	('PARI063', 'SUBC016', 'Bwambara'),
	('PARI065', 'SUBC015', 'Nyarugunda'),
	('PARI066', 'SUBC029', 'Outside Mpungu And Kayonza'),
	('PARI067', 'SUBC017', 'Northern Ward'),
	('PARI068', 'SUBC017', 'Southern Ward'),
	('PARI069', 'SUBC007', 'Rubimbwa'),
	('PARI070', 'SUBC007', 'Kirima'),
	('PARI071', 'SUBC007', 'Kihanda'),
	('PARI072', 'SUBC008', 'Nkunda'),
	('PARI073', 'SUBC001', 'Kihiihi Town Ward'),
	('PARI074', 'SUBC031', 'Nyakatunguru Ward'),
	('PARI075', 'SUBC031', 'Bihomborwa Ward'),
	('PARI076', 'SUBC031', 'Kihiihi Town Ward'),
	('PARI077', 'SUBC001', 'Nkunda'),
	('PARI078', 'SUBC001', 'Nkunda'),
	('PARI079', 'SUBC031', 'Rwanga'),
	('PARI080', 'SUBC031', 'Kihiihi Town Ward');
/*!40000 ALTER TABLE `parishes` ENABLE KEYS */;


-- Dumping structure for table bwindihospital.roles
CREATE TABLE IF NOT EXISTS `roles` (
  `RID` int(10) NOT NULL DEFAULT '0',
  `Name` varchar(50) DEFAULT NULL,
  `Description` varchar(150) DEFAULT NULL,
  PRIMARY KEY (`RID`)
) ENGINE=InnoDB DEFAULT CHARSET=latin1 COMMENT='Table for the different Roles as According to the Hospital Management';

-- Dumping data for table bwindihospital.roles: ~0 rows (approximately)
DELETE FROM `roles`;
/*!40000 ALTER TABLE `roles` DISABLE KEYS */;
INSERT INTO `roles` (`RID`, `Name`, `Description`) VALUES
	(3, '', NULL);
/*!40000 ALTER TABLE `roles` ENABLE KEYS */;


-- Dumping structure for table bwindihospital.subcounty
CREATE TABLE IF NOT EXISTS `subcounty` (
  `SubcountyId` varchar(20) CHARACTER SET utf8 NOT NULL,
  `SubcountyName` varchar(60) CHARACTER SET utf8 DEFAULT NULL,
  PRIMARY KEY (`SubcountyId`)
) ENGINE=InnoDB DEFAULT CHARSET=latin1;

-- Dumping data for table bwindihospital.subcounty: ~23 rows (approximately)
DELETE FROM `subcounty`;
/*!40000 ALTER TABLE `subcounty` DISABLE KEYS */;
INSERT INTO `subcounty` (`SubcountyId`, `SubcountyName`) VALUES
	('SUBC001', 'Kayonza'),
	('SUBC002', 'Mpungu'),
	('SUBC004', 'Kanyantorogo'),
	('SUBC005', 'Rutenga'),
	('SUBC006', 'Kihihi'),
	('SUBC007', 'Kirima'),
	('SUBC008', 'Nyamirama'),
	('SUBC010', 'Kisoro'),
	('SUBC011', 'Kanyabwanga'),
	('SUBC013', 'Ikumba'),
	('SUBC014', 'Kibimbiri'),
	('SUBC015', 'kambuga'),
	('SUBC016', 'Bwambara'),
	('SUBC017', 'Kanungu town council'),
	('SUBC018', 'Rubanda'),
	('SUBC022', 'Nteko'),
	('SUBC023', 'Kiyanga'),
	('SUBC024', 'Nyabweshenya'),
	('SUBC029', 'Outside Mpungu And Kayonza'),
	('SUBC030', 'Nyanga'),
	('SUBC031', 'Kihiihi Town Council'),
	('SUBC032', 'Kihiihi Town Council'),
	('SUBC033', 'Kayonza');
/*!40000 ALTER TABLE `subcounty` ENABLE KEYS */;


-- Dumping structure for table bwindihospital.users
CREATE TABLE IF NOT EXISTS `users` (
  `UID` int(8) NOT NULL AUTO_INCREMENT,
  `record_id` varchar(125) CHARACTER SET utf8 DEFAULT NULL,
  `Status` varchar(20) DEFAULT NULL,
  `FullName` varchar(50) DEFAULT NULL,
  `UserName` varchar(50) DEFAULT NULL,
  `RID` int(10) DEFAULT NULL,
  `DID` int(10) DEFAULT NULL,
  `Password` varchar(150) DEFAULT NULL,
  `Sex` char(1) DEFAULT NULL,
  `UserLevel` varchar(8) DEFAULT 'Normal',
  `Deleted` char(1) DEFAULT NULL,
  PRIMARY KEY (`UID`)
) ENGINE=InnoDB AUTO_INCREMENT=23 DEFAULT CHARSET=latin1 COMMENT='Keeps information about the users';

-- Dumping data for table bwindihospital.users: ~20 rows (approximately)
DELETE FROM `users`;
/*!40000 ALTER TABLE `users` DISABLE KEYS */;
INSERT INTO `users` (`UID`, `record_id`, `Status`, `FullName`, `UserName`, `RID`, `DID`, `Password`, `Sex`, `UserLevel`, `Deleted`) VALUES
	(21, '17d97532-0766-11e8-b94f-d85de29eb48a', 'Active', 'emmanual', 'emmanual', 3, 32, '8sIe1hVzdGo=', 'M', 'Normal', 'N');
/*!40000 ALTER TABLE `users` ENABLE KEYS */;


-- Dumping structure for table bwindihospital.vht
CREATE TABLE IF NOT EXISTS `vht` (
  `vhtId` int(10) NOT NULL AUTO_INCREMENT,
  `vhtName` varchar(50) DEFAULT NULL,
  `Age` int(10) DEFAULT NULL,
  `Sex` char(1) DEFAULT NULL,
  `vhtPhoneNumber` varchar(50) DEFAULT NULL,
  `isCBD` char(1) DEFAULT NULL,
  `vhtVillage` varchar(20) NOT NULL,
  `recordDate` datetime DEFAULT NULL,
  `userId` int(10) NOT NULL,
  `recordStatus` char(1) DEFAULT NULL,
  `mchisid` int(11) DEFAULT NULL,
  `create_unsyncd` char(1) DEFAULT NULL,
  `update_unsyncd` char(1) DEFAULT NULL,
  PRIMARY KEY (`vhtId`),
  KEY `vhtVillage` (`vhtVillage`,`userId`)
) ENGINE=InnoDB AUTO_INCREMENT=801 DEFAULT CHARSET=latin1;

-- Dumping data for table bwindihospital.vht: ~548 rows (approximately)
DELETE FROM `vht`;
/*!40000 ALTER TABLE `vht` DISABLE KEYS */;
INSERT INTO `vht` (`vhtId`, `vhtName`, `Age`, `Sex`, `vhtPhoneNumber`, `isCBD`, `vhtVillage`, `recordDate`, `userId`, `recordStatus`, `mchisid`, `create_unsyncd`, `update_unsyncd`) VALUES
	(580, 'TestVHT1', 50, 'F', '256777777777', 'Y', 'VILL016', '2018-05-08 15:14:02', 21, '0', NULL, '1', '2'),
	(681, 'TestVHT2', 55, 'M', '256777777777', 'Y', 'VILL016', '2018-05-12 17:23:03', 21, '0', NULL, '1', '2'),
	(742, 'TestVHT3', 50, 'F', '256777777777', 'Y', 'VILL016', '2018-05-14 20:10:40', 21, '0', NULL, '1', '0'),
	(783, 'TestVHT4', 60, 'M', '256777777777', 'N', 'VILL016', '2018-05-15 09:53:05', 21, '0', NULL, '1', '2'),
	(784, 'TestVHT5', 70, 'M', '256777777777', 'Y', 'VILL016', '2018-05-15 15:22:11', 21, '0', NULL, '1', '0'),
	(785, 'TestVHT6 LastName ', 45, 'M', '256777777777', 'Y', 'VILL016', '2018-05-15 15:22:11', 21, '0', NULL, '1', NULL),
	(786, 'Daniel VHT ', 55, 'M', '256712420725', 'Y', 'VILL016', '2018-05-15 15:22:11', 21, NULL, NULL, '1', NULL),
	(787, 'Test VHT7 ', 65, 'M', '256787878787', 'Y', 'VILL016', '2018-05-16 10:22:11', 21, '0', NULL, '1', '2'),
	(788, 'Daniel VHTWednesday ', 45, 'M', '256772221382', 'Y', 'VILL002', '2018-05-16 10:22:11', 21, NULL, NULL, '1', NULL),
	(789, 'Test VHT8', 60, 'F', '256989898989', 'Y', 'VILL016', '2018-05-18 12:40:52', 21, '0', NULL, '1', '2'),
	(790, 'Test VHT9', 40, 'F', '256767676767', 'Y', 'VILL016', '2018-05-20 12:59:58', 21, '0', NULL, '1', '0'),
	(791, 'Test VHT10', 30, 'F', '256545454545', 'Y', 'VILL016', '2018-05-21 12:19:29', 21, '0', NULL, '1', '0'),
	(792, 'Test VHT11', 30, 'F', '256434343434', 'N', 'VILL016', '2018-05-21 21:55:58', 21, '0', NULL, '1', '0'),
	(793, 'Test VHT11D', 20, 'M', '256434343433', 'Y', 'VILL016', '2018-05-21 21:58:34', 21, '8', NULL, '0', '0'),
	(794, 'Test VHT 12', 55, 'F', '256323232323', 'N', 'VILL016', '2018-05-26 11:52:38', 21, '0', NULL, '1', '0'),
	(796, 'Test VHT12D2', 50, 'F', '256323232322', 'Y', 'VILL016', '2018-05-27 12:09:09', 21, '9', NULL, '1', '1'),
	(797, 'Test VHT 13 yy ', 35, 'F', '256212121212', 'Y', 'VILL016', '2018-05-29 13:10:02', 21, '0', NULL, '1', '2'),
	(798, 'Test VHT 13v2', 50, 'F', '256121212121', 'N', 'VILL016', '2018-05-29 13:35:35', 21, '0', NULL, '1', '2'),
	(799, 'Test VHT 14a', 40, 'F', '256101010101', 'Y', 'VILL016', '2018-05-31 14:39:50', 21, '0', NULL, '1', '0'),
	(800, 'Test VHT 15', 35, 'F', '256090909090', 'Y', 'VILL016', '2018-06-05 15:19:21', 21, '0', NULL, '1', '0');
/*!40000 ALTER TABLE `vht` ENABLE KEYS */;


-- Dumping structure for table bwindihospital.village
CREATE TABLE IF NOT EXISTS `village` (
  `VillageId` varchar(20) CHARACTER SET utf8 NOT NULL,
  `ParishId` varchar(20) CHARACTER SET utf8 DEFAULT NULL,
  `VillageName` varchar(60) CHARACTER SET utf8 DEFAULT NULL,
  PRIMARY KEY (`VillageId`),
  KEY `ParishId` (`ParishId`)
) ENGINE=InnoDB DEFAULT CHARSET=latin1;

-- Dumping data for table bwindihospital.village: ~215 rows (approximately)
DELETE FROM `village`;
/*!40000 ALTER TABLE `village` DISABLE KEYS */;
INSERT INTO `village` (`VillageId`, `ParishId`, `VillageName`) VALUES
	('VILL001', 'PARI003', 'Bushegyenyi'),
	('VILL002', 'PARI003', 'Kyogo'),
	('VILL003', 'PARI003', 'Kigaaga'),
	('VILL004', 'PARI004', 'Kibingo'),
	('VILL005', 'PARI004', 'Kyambeya'),
	('VILL006', 'PARI004', 'Karambi'),
	('VILL007', 'PARI001', 'Rukungwe'),
	('VILL008', 'PARI001', 'Bweyongyezo'),
	('VILL009', 'PARI001', 'Hakikome'),
	('VILL010', 'PARI002', 'Kanyashongyi'),
	('VILL011', 'PARI002', 'Murukore'),
	('VILL012', 'PARI002', 'Murushasha'),
	('VILL013', 'PARI002', 'Nyamizo'),
	('VILL014', 'PARI001', 'Katunda'),
	('VILL015', 'PARI001', 'Karukara'),
	('VILL016', 'PARI005', 'Buhoma'),
	('VILL017', 'PARI005', 'Iraaro'),
	('VILL018', 'PARI005', 'Kanyamisinga'),
	('VILL019', 'PARI005', 'Kanyashande'),
	('VILL020', 'PARI005', 'Kashebeya'),
	('VILL021', 'PARI005', 'Kyumbugushu'),
	('VILL022', 'PARI005', 'Mukongoro'),
	('VILL023', 'PARI005', 'Mukono'),
	('VILL024', 'PARI005', 'Nkwenda'),
	('VILL025', 'PARI005', 'Nyakeina'),
	('VILL026', 'PARI005', 'Rubona'),
	('VILL027', 'PARI006', 'Bikuuto'),
	('VILL029', 'PARI006', 'Butogota Central'),
	('VILL030', 'PARI006', 'Butogota Rutwe'),
	('VILL031', 'PARI006', 'Butogota Upper'),
	('VILL032', 'PARI006', 'Factory'),
	('VILL033', 'PARI006', 'Kanyabuhama'),
	('VILL034', 'PARI006', 'Kebiremu'),
	('VILL035', 'PARI006', 'Kirehe'),
	('VILL036', 'PARI006', 'Kyabuyorwa Lower'),
	('VILL037', 'PARI006', 'Kyabuyorwa Upper'),
	('VILL038', 'PARI006', 'Munyaga'),
	('VILL039', 'PARI006', 'Nyakagyezi'),
	('VILL040', 'PARI006', 'Nyakirehe'),
	('VILL041', 'PARI006', 'Rushambya'),
	('VILL042', 'PARI007', 'Bugarura'),
	('VILL043', 'PARI007', 'Byumba'),
	('VILL044', 'PARI007', 'Kabirizi'),
	('VILL045', 'PARI007', 'Kacereere'),
	('VILL046', 'PARI007', 'Bujengwe'),
	('VILL047', 'PARI007', 'Kanoni'),
	('VILL048', 'PARI007', 'Kazahi'),
	('VILL049', 'PARI007', 'Kishanda'),
	('VILL050', 'PARI007', 'Kishegyere'),
	('VILL051', 'PARI007', 'Mayanja'),
	('VILL053', 'PARI007', 'Mushorero'),
	('VILL054', 'PARI007', 'Nyamishamba'),
	('VILL055', 'PARI008', 'Bujengwe'),
	('VILL056', 'PARI008', 'Kagoma'),
	('VILL057', 'PARI008', 'Musheija'),
	('VILL058', 'PARI008', 'Ntengyere'),
	('VILL059', 'PARI008', 'Nyakabingo'),
	('VILL060', 'PARI008', 'Nyamabare'),
	('VILL061', 'PARI008', 'Rutare'),
	('VILL062', 'PARI008', 'Rwamiyumbu'),
	('VILL063', 'PARI008', 'Rwemirama'),
	('VILL064', 'PARI008', 'Nshagi'),
	('VILL065', 'PARI009', 'Buranda'),
	('VILL066', 'PARI009', 'Kangyeyo'),
	('VILL067', 'PARI009', 'Kashenyi'),
	('VILL068', 'PARI009', 'Kataburaza'),
	('VILL069', 'PARI009', 'Katiba'),
	('VILL070', 'PARI009', 'Kinisya'),
	('VILL071', 'PARI009', 'Kyandago'),
	('VILL072', 'PARI009', 'Kyeshero Central'),
	('VILL073', 'PARI009', 'Nyakishojwa'),
	('VILL074', 'PARI009', 'Nyamirambi'),
	('VILL075', 'PARI009', 'Rutendere'),
	('VILL076', 'PARI009', 'Rwabuteera'),
	('VILL078', 'PARI010', 'Nyambale'),
	('VILL079', 'PARI011', 'Burebane'),
	('VILL080', 'PARI012', 'Ishasha'),
	('VILL081', 'PARI013', 'Kazuru'),
	('VILL082', 'PARI015', 'Nyakatooma'),
	('VILL083', 'PARI016', 'Kashesha'),
	('VILL084', 'PARI017', 'Nyabihoko'),
	('VILL087', 'PARI009', 'Bweronde'),
	('VILL088', 'PARI016', 'kengoma'),
	('VILL089', 'PARI008', 'Nyakahanga'),
	('VILL090', 'PARI016', 'Nyabirehe'),
	('VILL091', 'PARI009', 'Mboha'),
	('VILL092', 'PARI009', 'Kakureiju'),
	('VILL093', 'PARI013', 'kajumo'),
	('VILL095', 'PARI022', 'Nteko'),
	('VILL096', 'PARI011', 'kiziba'),
	('VILL097', 'PARI011', 'kanyamatembe'),
	('VILL098', 'PARI024', 'Lugazi'),
	('VILL099', 'PARI011', 'kikanganga'),
	('VILL101', 'PARI025', 'Bitanwa'),
	('VILL103', 'PARI017', 'Bushoro'),
	('VILL104', 'PARI028', 'kibale'),
	('VILL105', 'PARI016', 'kyozi'),
	('VILL106', 'PARI017', 'kyajura'),
	('VILL109', 'PARI030', 'Bugongo'),
	('VILL111', 'PARI031', 'Nyakabungo'),
	('VILL113', 'PARI033', 'Nyakiyaga'),
	('VILL114', 'PARI034', 'Kyabworo'),
	('VILL115', 'PARI030', 'Rushenyi'),
	('VILL116', 'PARI035', 'Rwentondo'),
	('VILL117', 'PARI037', 'Katooma'),
	('VILL118', 'PARI038', 'Kashongati'),
	('VILL119', 'PARI039', 'Kabuga'),
	('VILL120', 'PARI034', 'Murengyeza'),
	('VILL121', 'PARI013', 'Mugongo'),
	('VILL123', 'PARI043', 'Buhamba'),
	('VILL124', 'PARI044', 'Rwanga'),
	('VILL125', 'PARI016', 'Rukarara'),
	('VILL126', 'PARI039', 'Kyumbugu'),
	('VILL127', 'PARI039', 'Rutwe'),
	('VILL128', 'PARI005', 'B.C.H'),
	('VILL129', 'PARI016', 'Kihembe Batwa Settlement'),
	('VILL130', 'PARI043', 'Kitariro Batwa Settlement'),
	('VILL131', 'PARI002', 'Kitahurira Batwa Settlement'),
	('VILL133', 'PARI046', 'Nteko Batwa Settlement'),
	('VILL135', 'PARI047', 'Kishenyi'),
	('VILL136', 'PARI013', 'Habutare'),
	('VILL138', 'PARI039', 'kazinga'),
	('VILL139', 'PARI048', 'Kicwamba cell'),
	('VILL140', 'PARI050', 'Kaarondi'),
	('VILL141', 'PARI051', 'KIsiizi'),
	('VILL142', 'PARI010', 'Kishayo'),
	('VILL143', 'PARI015', 'Kibale'),
	('VILL144', 'PARI046', 'Kikomo'),
	('VILL145', 'PARI015', 'Mpangango Upper'),
	('VILL146', 'PARI054', 'Rumba'),
	('VILL148', 'PARI056', 'Mashoko'),
	('VILL149', 'PARI010', 'Kanyungusi'),
	('VILL150', 'PARI058', 'Gwamanyonyi'),
	('VILL151', 'PARI004', 'Ishaya'),
	('VILL152', 'PARI063', 'Rushaya'),
	('VILL153', 'PARI010', 'Burambira'),
	('VILL154', 'PARI065', 'Kakoni'),
	('VILL155', 'PARI016', 'Kihembe central'),
	('VILL156', 'PARI054', 'Rugoma'),
	('VILL157', 'PARI047', 'Kahama'),
	('VILL158', 'PARI047', 'Kashanda'),
	('VILL159', 'PARI017', 'Bugiri'),
	('VILL160', 'PARI066', 'Outside Mpungu And Kayonza'),
	('VILL161', 'PARI016', 'Kanyaashande'),
	('VILL163', 'PARI017', 'Nyabubare'),
	('VILL164', 'PARI017', 'Ishasha'),
	('VILL165', 'PARI016', 'Rugarama'),
	('VILL166', 'PARI016', 'Nyakasharara'),
	('VILL167', 'PARI047', 'kashanda'),
	('VILL168', 'PARI047', 'Kitookye'),
	('VILL170', 'PARI010', 'Runyinya'),
	('VILL171', 'PARI047', 'Nyaruhanga'),
	('VILL172', 'PARI054', 'Nyakatare'),
	('VILL173', 'PARI013', 'Kirima'),
	('VILL174', 'PARI013', 'Nyakabungo'),
	('VILL175', 'PARI054', 'Burebane'),
	('VILL176', 'PARI043', 'Rutoro'),
	('VILL177', 'PARI069', 'Nyarwemarira'),
	('VILL178', 'PARI068', 'Butare'),
	('VILL179', 'PARI054', 'Katate'),
	('VILL180', 'PARI043', 'Kijanga'),
	('VILL181', 'PARI043', 'Rutate'),
	('VILL182', 'PARI070', 'Bushura'),
	('VILL183', 'PARI067', 'Bushanja'),
	('VILL184', 'PARI067', 'Kishojwa'),
	('VILL185', 'PARI067', 'Mashenga'),
	('VILL186', 'PARI067', 'Karuhinda'),
	('VILL187', 'PARI067', 'Kyambogo'),
	('VILL188', 'PARI054', 'Mashenga'),
	('VILL189', 'PARI054', 'Mashenga'),
	('VILL190', 'PARI013', 'Kikondeka'),
	('VILL191', 'PARI054', 'Ifubura'),
	('VILL193', 'PARI043', 'Nkamba/Bugarama'),
	('VILL196', 'PARI043', 'Mabare'),
	('VILL197', 'PARI069', 'Nyakabungo'),
	('VILL198', 'PARI043', 'Rutate'),
	('VILL199', 'PARI003', 'Mushurya'),
	('VILL200', 'PARI071', 'Rurama'),
	('VILL201', 'PARI068', 'Kyandago'),
	('VILL202', 'PARI071', 'Nyakibuga'),
	('VILL203', 'PARI043', 'Kitariro'),
	('VILL204', 'PARI071', 'Kihumuro'),
	('VILL205', 'PARI069', 'Kashakyi'),
	('VILL206', 'PARI071', 'Ibarya'),
	('VILL207', 'PARI069', 'Kasoni'),
	('VILL208', 'PARI043', 'Buhamba'),
	('VILL209', 'PARI069', 'Bukono'),
	('VILL210', 'PARI013', 'Bushuura'),
	('VILL211', 'PARI013', 'Mugongo'),
	('VILL212', 'PARI013', 'Kirima'),
	('VILL213', 'PARI013', 'Mugongo'),
	('VILL214', 'PARI071', 'Bujerengye'),
	('VILL215', 'PARI071', 'Nyakagyezi'),
	('VILL216', 'PARI071', 'Rutonde'),
	('VILL217', 'PARI071', 'Nyakatoma'),
	('VILL218', 'PARI071', 'Nyamizi'),
	('VILL219', 'PARI071', 'Nyaruharo'),
	('VILL220', 'PARI071', 'Nyakarambi'),
	('VILL221', 'PARI072', 'kazinga'),
	('VILL222', 'PARI073', 'Ruyayo'),
	('VILL223', 'PARI075', 'Rwenyerere'),
	('VILL224', 'PARI075', 'Buzaniro'),
	('VILL225', 'PARI074', 'Ndeeba'),
	('VILL226', 'PARI074', 'Nyamwegabira'),
	('VILL227', 'PARI033', 'Muzizi'),
	('VILL228', 'PARI033', 'Binyungu'),
	('VILL229', 'PARI073', 'Rwemisisi'),
	('VILL230', 'PARI033', 'Kazinga'),
	('VILL231', 'PARI033', 'Nyakatunguru'),
	('VILL232', 'PARI073', 'Rutwe'),
	('VILL233', 'PARI075', 'Rwemisisi'),
	('VILL234', 'PARI074', 'Kinyashohera'),
	('VILL235', 'PARI074', 'Rwenyerere'),
	('VILL236', 'PARI075', 'Kacence'),
	('VILL237', 'PARI073', 'Ndeeba');
/*!40000 ALTER TABLE `village` ENABLE KEYS */;
/*!40101 SET SQL_MODE=IFNULL(@OLD_SQL_MODE, '') */;
/*!40014 SET FOREIGN_KEY_CHECKS=IF(@OLD_FOREIGN_KEY_CHECKS IS NULL, 1, @OLD_FOREIGN_KEY_CHECKS) */;
/*!40101 SET CHARACTER_SET_CLIENT=@OLD_CHARACTER_SET_CLIENT */;
